Designator,Val,Package,Mid X,Mid Y,Rotation,Layer
5V_Buck1,5V_Buck,LED_0603_1608Metric,137.6172,-49.3898,-90.0,top
C1,1u,C_0603_1608Metric,78.3464,-112.5924,180.0,top
C10,10u,C_0805_2012Metric,159.4104,-64.3128,180.0,top
C11,10u,C_0805_2012Metric,142.1892,-51.816,90.0,top
C12,0.1u,C_0603_1608Metric,142.24,-63.8426,90.0,top
C13,10u,C_0805_2012Metric,156.8196,-67.8688,-90.0,top
C14,1u,C_0603_1608Metric,118.11775,-91.51075,180.0,top
C15,0.1u,C_0603_1608Metric,118.11775,-86.63395,0.0,top
C16,1u,C_0603_1608Metric,107.71075,-91.69735,180.0,top
C17,0.1u,C_0603_1608Metric,107.71075,-86.51575,0.0,top
C18,0.1u,C_0603_1608Metric,152.0952,-73.3938,-90.0,top
C19,1u,C_0603_1608Metric,100.102388,-90.8073,-90.0,top
C2,1u,C_0603_1608Metric,78.3334,-114.0656,180.0,top
C20,220n,C_0603_1608Metric,111.3028,-70.853,0.0,top
C21,10u,C_0805_2012Metric,119.126,-70.6476,-90.0,top
C22,0.1u,C_0603_1608Metric,94.971588,-90.9273,90.0,top
C23,1u,C_0603_1608Metric,100.108006,-102.209092,-90.0,top
C24,0.1u,C_0603_1608Metric,137.1928,-102.1595,180.0,top
C25,0.1u,C_0603_1608Metric,137.11978,-91.4661,180.0,top
C26,10u,C_0805_2012Metric,133.096,-84.1248,0.0,top
C27,1u,C_0603_1608Metric,129.8956,-83.8708,180.0,top
C28,10n,C_0603_1608Metric,134.6708,-81.6356,90.0,top
C29,3.3n,C_0603_1608Metric,132.7912,-74.93,0.0,top
C3,1u,C_0603_1608Metric,113.792,-67.1068,90.0,top
C30,0.1u,C_0603_1608Metric,127.6096,-80.8736,90.0,top
C31,10u,C_0805_2012Metric,127.7316,-58.9788,180.0,top
C32,10u,C_0805_2012Metric,131.2216,-58.9788,0.0,top
C33,10u,C_0805_2012Metric,134.7064,-58.9788,180.0,top
C34,0.1u,C_0603_1608Metric,138.0,-108.0,-90.0,top
C35,0.1u,C_0603_1608Metric,137.2058,-96.5715,180.0,top
C36,1u,C_0603_1608Metric,113.3104,-102.4644,90.0,top
C37,10u,C_0805_2012Metric,119.126,-67.2084,90.0,top
C38,0.1u,C_0603_1608Metric,116.5479,-64.8459,180.0,top
C39,0.1u,C_0603_1608Metric,94.977206,-102.310692,90.0,top
C4,0.1u,C_0603_1608Metric,105.0,-71.5,180.0,top
C40,0.1u,C_0603_1608Metric,99.1994,-114.9466,0.0,top
C41,0.1u,C_0603_1608Metric,98.8438,-109.3216,0.0,top
C5,1u,C_0603_1608Metric,108.0534,-71.0,0.0,top
C6,0.1u,C_0603_1608Metric,138.684,-63.8048,90.0,top
C7,10u,C_0805_2012Metric,159.512,-68.768768,0.0,top
C8,0.1u,C_0603_1608Metric,140.2588,-63.8048,90.0,top
C9,0.1u,C_0603_1608Metric,142.3924,-55.0164,-90.0,top
D1,1N5819HW-7-F,D_SOD-123,160.1724,-66.635168,0.0,top
D10,SMAF4758A,SODFL4724X108N,116.2304,-68.7324,-90.0,top
D11,PWR,LED_0603_1608Metric,166.3192,-48.0313,-90.0,top
D12,TVS,D_SOD-123F,96.1136,-109.2708,90.0,top
D13,TVS,D_SOD-123F,96.4692,-114.9096,90.0,top
D14,DEBUG,LED_0603_1608Metric,154.0122,-110.2185,180.0,top
D15,ModuleFault[0],LED_0603_1608Metric,154.0122,-108.7185,180.0,top
D16,ModuleFault[1],LED_0603_1608Metric,154.0122,-107.2185,180.0,top
D17,ModuleFault[2],LED_0603_1608Metric,154.0122,-105.7185,180.0,top
D18,ModuleFault[3],LED_0603_1608Metric,154.0122,-104.2185,180.0,top
D19,ModuleFault[4],LED_0603_1608Metric,154.0122,-102.7185,180.0,top
D2,SP0503BAHT,SOT-143,164.2364,-64.8716,0.0,top
D20,WatchdogErr,LED_0603_1608Metric,154.0322,-101.1435,180.0,top
D21,AmpIN,LED_0603_1608Metric,154.0322,-99.6195,180.0,top
D22,VTempIN,LED_0603_1608Metric,154.0322,-98.0955,180.0,top
D23,Chrging,LED_0603_1608Metric,154.0322,-96.5715,180.0,top
D24,OverTemp,LED_0603_1608Metric,154.0322,-95.0475,180.0,top
D25,OverAmp,LED_0603_1608Metric,154.0322,-93.5235,180.0,top
D26,LowV,LED_0603_1608Metric,154.0322,-91.9995,180.0,top
D27,MBR230S1F,D_SOD-123F,129.1052,-74.5236,0.0,top
D28,Fault,LED_0603_1608Metric,154.0322,-88.9515,180.0,top
D29,Heart,LED_0603_1608Metric,154.0322,-87.4275,180.0,top
D3,PWR,LED_0603_1608Metric,163.2712,-48.0313,-90.0,top
D30,OverV,LED_0603_1608Metric,154.0322,-90.4755,180.0,top
D31,HV-,LED_0603_1608Metric,73.3,-56.3,90.0,top
D32,HV+,LED_0603_1608Metric,82.4,-53.5,0.0,top
D33,ArrayPre,LED_0603_1608Metric,83.54,-84.21,90.0,top
D34,Array,LED_0603_1608Metric,83.52,-78.22,90.0,top
ESTOP1,LED,LED_0603_1608Metric,91.8368,-58.9372,180.0,top
ESTOP2,LED,LED_0603_1608Metric,91.8464,-64.9732,180.0,top
ESTOP3,LED,LED_0603_1608Metric,91.786,-71.0632,180.0,top
F4,SMD1812B300TFT,FUSC4632X165N,138.4808,-57.0484,90.0,top
IC1,LM74502HDDFR,SOT65P280X110-8N,111.3028,-67.7164,90.0,top
J2,USB_C_Receptacle_USB2.0_16P,USB_C_Receptacle_GCT_USB4105-xx-A_16P_TopMnt_Horizontal,172.25,-59.8932,90.0,top
LV1,LED,LED_0603_1608Metric,151.8157,-63.4492,180.0,top
LV2,LED,LED_0603_1608Metric,151.8157,-64.9224,180.0,top
LV3,LED,LED_0603_1608Metric,151.8033,-66.4134,180.0,top
LV4,LED,LED_0603_1608Metric,151.7647,-67.9704,180.0,top
LVPWR1,LED,LED_0603_1608Metric,120.9548,-70.7136,90.0,top
Q1,IRLML0030,SOT-23,122.93535,-84.57845,270.0,top
Q10,IRLML0030,SOT-23,92.802206,-97.281492,0.0,top
Q11,IRLML0030,SOT-23,98.9974,-60.4806,0.0,top
Q14,IRLML0030,SOT-23,97.654406,-101.779592,0.0,top
Q2,SQ2315CES-T1_GE3,SOT95P237X112-3N,88.36228,-69.975548,0.0,top
Q3,IRLML0030,SOT-23,118.69965,-89.05715,270.0,top
Q4,IRLML0030,SOT-23,112.58755,-84.52045,270.0,top
Q5,IRLML0030,SOT-23,108.29265,-89.22335,270.0,top
Q6,IRLML0030,SOT-23,92.938975,-86.1616,0.0,top
Q7,SQ2315CES-T1_GE3,SOT95P237X112-3N,88.4,-64.0528,0.0,top
Q8,SQ2315CES-T1_GE3,SOT95P237X112-3N,88.35,-58.0,0.0,top
Q9,IRLML0030,SOT-23,97.649888,-90.3501,0.0,top
R1,10k,R_0603_1608Metric,143.764,-64.1218,90.0,top
R10,5.1k,R_0603_1608Metric,159.031259,-52.745888,90.0,top
R11,5.1k,R_0603_1608Metric,160.504459,-52.745888,90.0,top
R12,10k,R_0603_1608Metric,122.43575,-87.03095,180.0,top
R13,33k,R_0603_1608Metric,83.6296,-108.122,0.0,top
R14,200k,R_0603_1608Metric,108.0516,-66.3448,0.0,top
R15,4.3k,R_0603_1608Metric,85.41,-53.55,0.0,top
R16,10k,R_0603_1608Metric,111.634,-104.6866,180.0,top
R17,10k,R_0603_1608Metric,111.6462,-106.2106,180.0,top
R18,9k,R_0603_1608Metric,108.0516,-67.8688,180.0,top
R19,10k,R_0603_1608Metric,118.12995,-92.98395,0.0,top
R2,33k,R_0603_1608Metric,78.3464,-115.5388,0.0,top
R20,1k,R_0603_1608Metric,118.11775,-85.16075,180.0,top
R21,10k,R_0603_1608Metric,118.11775,-83.68755,180.0,top
R22,10k,R_0603_1608Metric,152.0952,-70.4088,-90.0,top
R23,10k,R_0603_1608Metric,163.3728,-72.136,90.0,top
R24,470,R_0603_1608Metric,148.7932,-63.4492,0.0,top
R25,470,R_0603_1608Metric,148.7932,-64.9224,0.0,top
R26,470,R_0603_1608Metric,148.7808,-66.4464,0.0,top
R27,470,R_0603_1608Metric,148.7422,-67.9704,0.0,top
R28,10k,R_0603_1608Metric,108.1024,-69.3928,0.0,top
R29,10k,R_0603_1608Metric,118.11775,-82.16355,0.0,top
R3,10k,R_0603_1608Metric,78.3464,-111.0684,0.0,top
R30,10k,R_0603_1608Metric,111.97795,-86.97295,180.0,top
R31,10k,R_0603_1608Metric,80.6324,-108.122,0.0,top
R32,4.3k,R_0603_1608Metric,74.82,-56.29,-90.0,top
R33,10k,R_0603_1608Metric,107.71075,-93.17055,0.0,top
R34,1k,R_0603_1608Metric,107.71075,-85.04255,180.0,top
R35,33k,R_0603_1608Metric,84.9158,-57.0068,180.0,top
R36,10k,R_0603_1608Metric,107.71075,-83.56935,180.0,top
R37,10k,R_0603_1608Metric,107.71075,-82.09615,0.0,top
R38,10k,R_0603_1608Metric,95.442275,-86.5802,-90.0,top
R39,4.3k,R_0603_1608Metric,81.95,-78.26,-90.0,top
R4,10k,R_0603_1608Metric,78.3464,-109.5952,0.0,top
R40,10k,R_0603_1608Metric,101.575588,-90.8073,90.0,top
R41,1k,R_0603_1608Metric,93.447588,-90.9273,-90.0,top
R42,470,R_0603_1608Metric,148.0122,-110.3173,0.0,top
R43,470,R_0603_1608Metric,148.0122,-108.7185,0.0,top
R44,10k,R_0603_1608Metric,91.974388,-90.9273,-90.0,top
R45,10k,R_0603_1608Metric,90.501188,-90.9273,90.0,top
R46,470,R_0603_1608Metric,148.0122,-107.2185,0.0,top
R47,470,R_0603_1608Metric,148.0122,-105.7085,0.0,top
R48,470,R_0603_1608Metric,148.0122,-104.2185,0.0,top
R49,470,R_0603_1608Metric,148.0122,-102.7185,0.0,top
R5,33k,R_0603_1608Metric,84.928,-68.9804,180.0,top
R50,470,R_0603_1608Metric,148.0122,-101.2185,0.0,top
R51,1k,R_0603_1608Metric,137.6172,-52.387,90.0,top
R52,470,R_0603_1608Metric,148.0122,-99.7185,0.0,top
R53,470,R_0603_1608Metric,147.7452,-98.0955,0.0,top
R54,470,R_0603_1608Metric,147.7452,-96.5955,0.0,top
R55,470,R_0603_1608Metric,147.7452,-95.0475,0.0,top
R56,470,R_0603_1608Metric,147.7452,-93.5235,0.0,top
R57,470,R_0603_1608Metric,147.7452,-91.9995,0.0,top
R58,470,R_0603_1608Metric,147.7452,-90.4755,0.0,top
R59,470,R_0603_1608Metric,147.7452,-88.9515,0.0,top
R6,1k,R_0603_1608Metric,163.2712,-51.0285,90.0,top
R60,470,R_0603_1608Metric,147.7452,-87.4275,0.0,top
R61,10k,R_0603_1608Metric,137.1928,-100.6609,0.0,top
R62,10k,R_0603_1608Metric,137.1164,-89.9675,0.0,top
R63,10k,R_0603_1608Metric,116.0,-98.0,-90.0,top
R64,16k,R_0603_1608Metric,134.6708,-77.1652,-90.0,top
R66,10k,R_0603_1608Metric,98.9492,-63.178,0.0,top
R67,1k,R_0603_1608Metric,99.1864,-116.4198,180.0,top
R68,1k,R_0603_1608Metric,98.8438,-110.7948,180.0,top
R69,470,R_0603_1608Metric,91.8464,-63.5,0.0,top
R7,470,R_0603_1608Metric,166.3192,-51.0285,90.0,top
R70,470,R_0603_1608Metric,91.786,-69.5392,0.0,top
R71,470,R_0603_1608Metric,91.8368,-57.464,0.0,top
R72,10k,R_0603_1608Metric,117.5,-98.0,-90.0,top
R73,10k,R_0603_1608Metric,119.0,-98.0,-90.0,top
R75,0,R_0603_1608Metric,168.25,-70.84,90.0,top
R76,0,R_0603_1608Metric,164.11,-88.59,0.0,top
R77,10k,R_0603_1608Metric,95.240606,-97.738692,-90.0,top
R78,4.3k,R_0603_1608Metric,82.05,-84.27,90.0,top
R79,10k,R_0603_1608Metric,101.581206,-102.209092,90.0,top
R8,1k,R_0603_1608Metric,141.478,-71.374,-90.0,top
R80,1k,R_0603_1608Metric,93.453206,-102.310692,-90.0,top
R83,4.3k,R_0603_1608Metric,120.2055,-64.5411,0.0,top
R84,10k,R_0603_1608Metric,81.3436,-115.9452,90.0,top
R85,10k,R_0603_1608Metric,83.14,-116.09,90.0,top
R86,10k,R_0603_1608Metric,91.929206,-102.310692,-90.0,top
R87,10k,R_0603_1608Metric,90.405206,-102.310692,90.0,top
R9,10k,R_0603_1608Metric,139.1412,-71.374,90.0,top
R91,10k,R_0603_1608Metric,84.928,-58.48,0.0,top
R93,10k,R_0603_1608Metric,84.9376,-64.516,0.0,top
R94,10k,R_0603_1608Metric,84.928,-70.4536,0.0,top
R95,33k,R_0603_1608Metric,84.9376,-63.0428,180.0,top
SW1,RESET,TL3365AF180QG,147.61,-71.9246,0.0,top
TP2,CanTestPoint,PinHeader_1x02_P2.54mm_Vertical,164.5,-93.085,0.0,top
TP3,CanTestPoint,PinHeader_1x02_P2.54mm_Vertical,124.5,-48.27,0.0,top
U1,ESP32-C6-MINI-1/U,ESP32-C6-MINI-1,150.295,-52.585,0.0,top
U10,SN74HC594DR,SOIC127P600X175-16N,142.489,-91.9995,180.0,top
U11,TPS5405DR,TPS5405DR,131.1656,-79.4004,90.0,top
U12,SHT4x,Sensirion_DFN-4_1.5x1.5mm_P0.8mm_SHT4x_NoCentralPad,111.38,-102.9594,0.0,top
U2,TPS2115ADRBR,SON65P300X300X100-9N,140.462,-67.7672,90.0,top
U3,EMC2305-1-AP-TR,QFN65P400X400X90-17N-D,82.475,-111.8,0.0,top
U8,LT1963AEST-3.3#TRPBF,SOT-223-3_TabPin2,161.29,-58.7248,270.0,top
U9,SN74HC594DR,SOIC127P600X175-16N,142.4694,-102.5913,180.0,top
